{
  "cars": [
    {
      "make": "Ford",
      "model": "Fiesta",
      "colour": "Red",
      "engine_size": 1.0
    },
    {
      "make": "BMW",
      "model": "3 Series",
      "colour": "Blue",
      "engine_size": 1.6
    },
    {
      "make": "Ferrari",
      "model": "458 Italia",
      "colour": "Red",
      "engine_size": 4.4
    },
    {
      "make": "Mercedes",
      "model": "A45 AMG",
      "colour": "Black",
      "engine_size": 2.0
    },
    {
      "make": "Audi",
      "model": "RS6",
      "colour": "Grey",
      "engine_size": 4.4
    },
    {
      "make": "Kia",
      "model": "Picanto ",
      "colour": "Silver",
      "engine_size": 1.0
    },
    {
      "make": "Mercedes",
      "model": "CLS",
      "colour": "Grey",
      "engine_size": 3.0
    },
    {
      "make": "Jaguar",
      "model": "XJ",
      "colour": "Black",
      "engine_size": 3.0
    },
    {
      "make": "Land Rover",
      "model": "Range Rover Sport SVR",
      "colour": "Blue",
      "engine_size": 5.0
    },
    {
      "make": "Peugeot",
      "model": "206",
      "colour": "Silver",
      "engine_size": 1.4
    },
    {
      "make": "VW",
      "model": "Golf",
      "colour": "Red",
      "engine_size": 1.6
    },
    {
      "make": "Ford",
      "model": "Focus",
      "colour": "Yellow",
      "engine_size": 1.6
    },
    {
      "make": "BMW",
      "model": "X5",
      "colour": "Black",
      "engine_size": 3.0
    },
    {
      "make": "Ford",
      "model": "Mondeo",
      "colour": "Blue",
      "engine_size": 1.8
    },
    {
      "make": "Jaguar",
      "model": "XF",
      "colour": "British Racing Green",
      "engine_size": 2.2
    }
  ]
}